id,username,email,created_at
1,livelyvalley00,livelyvalley00@opswise.net,2024-06-08 02:43:08
2,livelyanchor45,livelyanchor45@example.com,2025-05-13 20:57:44
3,forestpioneer31,forestpioneer31@relay.cloud,2025-08-11 10:08:28
4,urbanyard62,urbanyard62@relay.cloud,2024-06-21 04:34:00
5,proudzenith09,proudzenith09@seeded.app,2024-05-02 19:22:35
6,goldgarden47,goldgarden47@seeded.app,2025-07-16 19:00:54
7,rapidmeadow52,rapidmeadow52@hackstack.io,2024-04-28 18:59:50
8,quietsignal74,quietsignal74@hackstack.io,2024-08-08 04:00:05
9,rapidlagoon36,rapidlagoon36@seeded.app,2025-08-13 12:41:56
10,ivorypioneer59,ivorypioneer59@opswise.net,2024-10-22 18:10:40
11,amberorbit04,amberorbit04@seeded.app,2024-05-08 18:58:03
12,vividriver60,vividriver60@opswise.net,2025-10-12 05:22:19
13,vividuplink62,vividuplink62@acme.dev,2024-01-06 07:29:27
14,goldzenith75,goldzenith75@seeded.app,2025-10-12 05:35:52
15,mellowdelta00,mellowdelta00@relay.cloud,2024-08-17 22:55:06
16,opalsignal50,opalsignal50@seeded.app,2025-07-13 13:00:48
17,navyquartz44,navyquartz44@acme.dev,2024-02-13 19:28:46
18,silverwindow42,silverwindow42@opswise.net,2024-04-18 08:30:59
19,goldvalley89,goldvalley89@hackstack.io,2025-03-12 21:51:36
20,calmnetwork41,calmnetwork41@example.com,2025-12-07 18:56:48
21,tidynetwork13,tidynetwork13@seeded.app,2024-05-02 07:16:08
22,livelykernel01,livelykernel01@example.com,2025-06-09 20:14:42
23,ivorygarden24,ivorygarden24@opswise.net,2025-12-04 13:24:44
24,keenengine89,keenengine89@hackstack.io,2025-10-22 17:50:03
25,proudanchor58,proudanchor58@hackstack.io,2024-09-29 22:16:51
26,livelyuplink60,livelyuplink60@opswise.net,2025-09-25 03:23:02
27,proudriver21,proudriver21@seeded.app,2025-03-01 10:58:27
28,dawnbeacon34,dawnbeacon34@relay.cloud,2024-08-01 20:57:11
29,calmorbit96,calmorbit96@example.com,2025-01-18 06:08:40
30,ivorysignal77,ivorysignal77@acme.dev,2025-02-24 21:53:01
31,vividisland67,vividisland67@example.com,2024-07-28 07:17:19
32,briskisland76,briskisland76@acme.dev,2025-04-30 05:39:31
33,keenanchor96,keenanchor96@seeded.app,2024-02-18 15:32:09
34,calmanchor11,calmanchor11@opswise.net,2024-01-24 08:55:43
35,keenpioneer30,keenpioneer30@acme.dev,2025-12-18 09:36:29
36,opalyard33,opalyard33@opswise.net,2024-10-18 08:54:43
37,silverpioneer43,silverpioneer43@acme.dev,2025-01-07 12:55:03
38,calmyard67,calmyard67@hackstack.io,2025-08-16 05:49:59
39,proudorbit01,proudorbit01@acme.dev,2025-10-18 12:24:18
40,goldnetwork86,goldnetwork86@acme.dev,2025-11-01 21:02:16
41,mellowkernel53,mellowkernel53@example.com,2025-06-13 09:46:41
42,youngquartz95,youngquartz95@opswise.net,2024-03-05 20:28:50
43,mellowharvest82,mellowharvest82@opswise.net,2025-09-09 09:16:21
44,silverzenith70,silverzenith70@acme.dev,2024-11-17 14:31:23
45,warmcanyon59,warmcanyon59@seeded.app,2024-07-24 01:22:48
46,harborwindow86,harborwindow86@relay.cloud,2025-10-27 21:06:56
47,embergarden18,embergarden18@relay.cloud,2025-10-14 04:13:59
48,opalwindow10,opalwindow10@example.com,2025-09-05 22:57:32
49,proudanchor21,proudanchor21@hackstack.io,2024-10-22 11:38:38
50,ivoryvalley34,ivoryvalley34@relay.cloud,2025-08-26 08:22:30
51,vividisland53,vividisland53@seeded.app,2025-07-10 17:19:52
52,cobaltuplink74,cobaltuplink74@acme.dev,2024-12-25 21:32:47
53,golduplink26,golduplink26@example.com,2024-05-11 02:10:58
54,briskorbit26,briskorbit26@seeded.app,2024-03-02 01:16:53
55,livelytrail41,livelytrail41@hackstack.io,2024-09-19 05:46:06
56,cobaltlagoon96,cobaltlagoon96@seeded.app,2025-12-13 17:40:41
57,jadeanchor78,jadeanchor78@relay.cloud,2025-09-29 06:38:24
58,rapidharvest39,rapidharvest39@hackstack.io,2025-04-04 06:25:28
59,forestanchor95,forestanchor95@hackstack.io,2025-01-18 21:03:02
60,silvercanyon85,silvercanyon85@seeded.app,2025-12-30 09:29:48
61,mellowdelta98,mellowdelta98@seeded.app,2024-12-03 15:35:23
62,opalpioneer90,opalpioneer90@hackstack.io,2024-04-05 15:40:55
63,briskengine63,briskengine63@acme.dev,2025-08-20 07:51:02
64,quietsignal12,quietsignal12@acme.dev,2024-09-17 01:58:37
65,goldisland32,goldisland32@seeded.app,2024-04-30 06:02:39
66,quietcanyon35,quietcanyon35@seeded.app,2024-08-22 21:26:42
67,urbangarden21,urbangarden21@hackstack.io,2025-09-24 09:10:17
68,navytrail49,navytrail49@example.com,2025-11-07 19:36:35
69,livelydelta20,livelydelta20@relay.cloud,2024-11-26 17:19:26
70,goldsignal61,goldsignal61@hackstack.io,2024-07-18 12:26:45
71,emberfield60,emberfield60@opswise.net,2024-12-15 11:03:05
72,ivorynetwork71,ivorynetwork71@hackstack.io,2024-01-25 05:55:05
73,opalmeadow41,opalmeadow41@example.com,2024-10-11 19:33:25
74,forestlagoon24,forestlagoon24@example.com,2025-04-17 17:46:46
75,livelygarden59,livelygarden59@example.com,2025-01-08 23:02:46
76,ivorycanyon34,ivorycanyon34@seeded.app,2024-02-07 22:20:02
77,warmjourney89,warmjourney89@relay.cloud,2024-08-20 02:59:40
78,keenengine52,keenengine52@relay.cloud,2025-01-08 22:33:10
79,clearpioneer38,clearpioneer38@hackstack.io,2024-11-15 09:14:02
80,harborgarden32,harborgarden32@seeded.app,2026-01-16 00:56:36
81,jadezenith77,jadezenith77@acme.dev,2025-05-10 02:01:19
82,proudisland51,proudisland51@example.com,2025-08-13 00:34:21
83,clearvalley75,clearvalley75@relay.cloud,2025-03-02 17:00:09
84,goldsignal87,goldsignal87@opswise.net,2024-04-18 18:19:19
85,cleargarden61,cleargarden61@opswise.net,2025-08-11 10:38:13
86,mellowtrail79,mellowtrail79@hackstack.io,2024-08-22 04:15:12
87,dawnisland47,dawnisland47@example.com,2024-09-10 16:44:34
88,quietlagoon42,quietlagoon42@relay.cloud,2024-10-02 17:29:31
89,navyanchor06,navyanchor06@relay.cloud,2024-09-15 13:47:27
90,goldkernel89,goldkernel89@seeded.app,2024-02-21 04:07:53
91,rapidzenith09,rapidzenith09@seeded.app,2024-01-14 20:13:55
92,livelypioneer80,livelypioneer80@acme.dev,2024-05-15 09:49:33
93,jadefield92,jadefield92@hackstack.io,2024-07-13 17:02:55
94,navycanyon45,navycanyon45@example.com,2025-01-01 05:11:56
95,goldriver64,goldriver64@opswise.net,2024-09-28 19:25:12
96,forestanchor02,forestanchor02@acme.dev,2024-04-06 00:50:45
97,youngbeacon06,youngbeacon06@example.com,2024-01-21 12:40:47
98,opaldelta45,opaldelta45@hackstack.io,2024-12-13 23:15:24
99,opalkernel90,opalkernel90@relay.cloud,2025-03-20 14:40:37
100,quietsignal35,quietsignal35@hackstack.io,2025-10-08 13:26:57
101,livelywindow33,livelywindow33@seeded.app,2025-04-24 06:30:55
102,opalnetwork53,opalnetwork53@example.com,2025-05-21 11:02:13
103,warmyard04,warmyard04@acme.dev,2024-02-04 10:32:44
104,harbororbit74,harbororbit74@example.com,2025-11-07 18:18:55
105,cobaltsignal32,cobaltsignal32@seeded.app,2024-09-19 00:12:02
106,calmdelta08,calmdelta08@hackstack.io,2025-03-22 20:50:34
107,vividorbit21,vividorbit21@seeded.app,2024-02-12 20:07:07
108,youngfield80,youngfield80@example.com,2025-02-04 10:08:42
109,opalbeacon73,opalbeacon73@opswise.net,2025-07-22 14:08:12
110,mellowtrail99,mellowtrail99@opswise.net,2024-10-24 02:14:20
111,livelybeacon95,livelybeacon95@relay.cloud,2024-12-03 17:15:49
112,dawnzenith87,dawnzenith87@opswise.net,2025-12-22 07:53:02
113,warmdelta46,warmdelta46@seeded.app,2025-06-08 10:56:04
114,tidyquartz86,tidyquartz86@hackstack.io,2025-03-04 10:22:30
115,embertrail17,embertrail17@acme.dev,2024-11-06 19:30:22
116,dawncanyon33,dawncanyon33@opswise.net,2026-01-08 11:34:20
117,goldpioneer38,goldpioneer38@hackstack.io,2025-09-02 14:35:53
118,livelyjourney07,livelyjourney07@opswise.net,2025-10-27 05:25:06
119,ivoryyard74,ivoryyard74@seeded.app,2024-12-14 22:52:42
120,youngjourney57,youngjourney57@seeded.app,2025-03-07 02:29:06
121,forestyard66,forestyard66@acme.dev,2024-08-15 22:32:58
122,mellowsignal32,mellowsignal32@acme.dev,2024-03-14 13:47:11
123,youngzenith50,youngzenith50@opswise.net,2024-05-06 00:54:36
124,briskfield76,briskfield76@relay.cloud,2026-01-23 00:34:01
125,urbanuplink38,urbanuplink38@hackstack.io,2024-01-13 16:55:32
126,harboranchor49,harboranchor49@acme.dev,2025-01-24 17:26:50
127,opalnetwork94,opalnetwork94@seeded.app,2024-07-30 13:12:44
128,rapidpioneer06,rapidpioneer06@acme.dev,2024-08-12 20:11:18
129,jadequartz79,jadequartz79@example.com,2025-12-04 06:06:01
130,livelysignal20,livelysignal20@example.com,2024-02-02 18:29:50
131,tidyanchor59,tidyanchor59@seeded.app,2024-03-09 10:14:25
132,quietuplink35,quietuplink35@opswise.net,2025-05-25 13:48:12
133,amberriver11,amberriver11@acme.dev,2024-10-22 11:17:29
134,harbornetwork24,harbornetwork24@opswise.net,2025-12-06 02:04:08
135,urbanvalley23,urbanvalley23@opswise.net,2025-12-21 13:35:17
136,forestzenith35,forestzenith35@seeded.app,2025-12-02 08:44:16
137,warmmeadow70,warmmeadow70@hackstack.io,2025-07-11 04:09:27
138,tidyyard35,tidyyard35@hackstack.io,2025-08-27 13:28:41
139,ambernetwork74,ambernetwork74@acme.dev,2025-01-18 10:29:02
140,jadetrail05,jadetrail05@relay.cloud,2024-06-17 01:29:36
141,embergarden40,embergarden40@acme.dev,2024-02-19 07:12:04
142,warmfield82,warmfield82@acme.dev,2024-01-03 16:28:42
143,silverkernel84,silverkernel84@hackstack.io,2025-09-10 08:29:10
144,tidypioneer85,tidypioneer85@seeded.app,2024-05-28 03:00:18
145,rapidisland85,rapidisland85@seeded.app,2024-09-24 16:58:25
146,embergarden36,embergarden36@acme.dev,2024-07-05 23:14:59
147,emberquartz96,emberquartz96@relay.cloud,2026-01-16 13:55:39
148,dawncanyon85,dawncanyon85@opswise.net,2024-09-06 03:16:08
149,cobaltisland53,cobaltisland53@hackstack.io,2025-05-27 17:39:30
150,warmquartz58,warmquartz58@acme.dev,2025-03-22 20:11:33
151,dawnkernel75,dawnkernel75@hackstack.io,2025-04-07 11:11:27
152,emberzenith75,emberzenith75@seeded.app,2025-09-15 23:58:44
153,livelybeacon00,livelybeacon00@hackstack.io,2025-01-23 14:28:00
154,mellowuplink41,mellowuplink41@example.com,2024-01-07 02:05:15
155,keenfield05,keenfield05@example.com,2024-03-03 08:06:06
156,livelyengine00,livelyengine00@hackstack.io,2024-05-21 01:32:20
157,warmwindow23,warmwindow23@acme.dev,2024-08-02 08:54:23
158,harborbeacon16,harborbeacon16@seeded.app,2025-05-14 15:37:31
159,briskriver55,briskriver55@relay.cloud,2024-01-17 14:06:13
160,calmengine25,calmengine25@relay.cloud,2024-08-01 05:36:18
161,livelybeacon66,livelybeacon66@relay.cloud,2024-05-07 01:23:33
162,ambercanyon28,ambercanyon28@example.com,2024-09-12 20:03:12
163,prouduplink90,prouduplink90@seeded.app,2024-03-28 01:07:06
164,ivorymeadow99,ivorymeadow99@seeded.app,2025-10-22 11:25:23
165,warmdelta31,warmdelta31@hackstack.io,2025-09-23 00:42:01
166,navyisland36,navyisland36@seeded.app,2024-05-28 11:08:35
167,emberzenith83,emberzenith83@relay.cloud,2024-10-10 07:05:57
168,cobaltjourney37,cobaltjourney37@opswise.net,2025-10-15 03:38:01
169,opalsignal34,opalsignal34@hackstack.io,2026-01-31 18:54:56
170,harboranchor69,harboranchor69@seeded.app,2024-03-23 15:33:16
171,vividzenith67,vividzenith67@opswise.net,2025-02-12 14:52:05
172,youngnetwork95,youngnetwork95@relay.cloud,2024-07-19 09:46:34
173,urbannetwork94,urbannetwork94@seeded.app,2025-09-18 03:53:29
174,rapidnetwork62,rapidnetwork62@acme.dev,2024-02-09 05:43:16
175,youngharvest50,youngharvest50@seeded.app,2024-06-22 10:34:25
176,calmjourney69,calmjourney69@seeded.app,2024-10-01 09:43:01
177,vividfield72,vividfield72@example.com,2025-01-30 17:04:31
178,clearuplink21,clearuplink21@acme.dev,2025-09-04 20:30:33
179,mellownetwork96,mellownetwork96@hackstack.io,2024-07-24 00:44:25
180,navydelta84,navydelta84@example.com,2024-11-30 17:14:58
181,emberlagoon33,emberlagoon33@opswise.net,2024-11-09 15:19:02
182,amberorbit26,amberorbit26@acme.dev,2025-07-16 21:49:42
183,goldanchor17,goldanchor17@seeded.app,2024-05-28 03:53:57
184,tidybeacon31,tidybeacon31@opswise.net,2024-03-07 13:19:43
185,keenjourney78,keenjourney78@hackstack.io,2025-06-03 14:41:41
186,dawnquartz26,dawnquartz26@opswise.net,2024-06-22 03:10:32
187,urbanlagoon80,urbanlagoon80@relay.cloud,2024-09-10 06:37:28
188,opaljourney60,opaljourney60@acme.dev,2025-07-29 21:22:22
189,calmnetwork87,calmnetwork87@acme.dev,2025-04-14 07:00:52
190,proudvalley82,proudvalley82@acme.dev,2024-06-27 07:52:06
191,navyisland94,navyisland94@acme.dev,2024-06-21 12:46:19
192,navyanchor02,navyanchor02@example.com,2025-08-14 19:21:50
193,goldfield05,goldfield05@opswise.net,2025-09-10 18:33:44
194,forestnetwork85,forestnetwork85@opswise.net,2025-07-12 13:13:49
195,youngmeadow39,youngmeadow39@seeded.app,2025-05-10 00:00:30
196,mellowanchor38,mellowanchor38@opswise.net,2024-08-22 07:21:57
197,livelydelta99,livelydelta99@relay.cloud,2024-05-03 05:07:52
198,jadevalley16,jadevalley16@acme.dev,2025-03-07 13:40:23
199,cobaltquartz95,cobaltquartz95@acme.dev,2024-11-11 15:01:41
200,calmkernel95,calmkernel95@relay.cloud,2025-12-01 13:37:19
201,navyuplink84,navyuplink84@hackstack.io,2025-10-02 15:06:34
202,rapidgarden67,rapidgarden67@hackstack.io,2025-09-19 21:37:24
203,warmengine87,warmengine87@relay.cloud,2024-04-11 11:32:48
204,silverorbit64,silverorbit64@acme.dev,2025-01-08 14:11:43
205,goldriver87,goldriver87@example.com,2024-06-13 03:05:13
206,vividsignal26,vividsignal26@seeded.app,2026-01-26 19:16:54
207,navygarden71,navygarden71@relay.cloud,2025-01-27 07:31:10
208,opalpioneer20,opalpioneer20@opswise.net,2024-07-11 02:54:37
209,rapidtrail01,rapidtrail01@acme.dev,2025-10-23 05:55:34
210,quietmeadow62,quietmeadow62@hackstack.io,2025-09-01 07:51:12
211,cobaltmeadow67,cobaltmeadow67@example.com,2024-08-11 19:53:56
212,youngisland89,youngisland89@relay.cloud,2025-04-18 10:03:51
213,tidyquartz30,tidyquartz30@acme.dev,2025-04-04 09:47:23
214,harborpioneer21,harborpioneer21@hackstack.io,2025-12-02 10:50:18
215,urbanmeadow48,urbanmeadow48@acme.dev,2024-12-18 10:24:14
216,silverharvest88,silverharvest88@opswise.net,2025-07-04 06:07:16
217,navywindow09,navywindow09@example.com,2024-09-27 06:15:33
218,cobaltdelta45,cobaltdelta45@hackstack.io,2024-09-20 17:24:50
219,harborfield33,harborfield33@hackstack.io,2026-01-22 18:56:55
220,quietcanyon75,quietcanyon75@example.com,2025-10-08 09:12:07
221,warmanchor86,warmanchor86@example.com,2025-02-11 16:10:28
222,amberwindow75,amberwindow75@acme.dev,2024-12-07 00:24:29
223,calmorbit71,calmorbit71@hackstack.io,2024-01-06 18:37:12
224,rapidnetwork51,rapidnetwork51@relay.cloud,2025-02-16 16:10:56
225,goldkernel74,goldkernel74@example.com,2025-09-01 05:26:15
226,livelyanchor16,livelyanchor16@example.com,2024-12-17 11:06:45
227,calmkernel47,calmkernel47@acme.dev,2025-05-24 06:48:34
228,keenwindow95,keenwindow95@relay.cloud,2024-09-23 04:45:18
229,proudvalley51,proudvalley51@hackstack.io,2024-06-22 00:13:07
230,quietanchor54,quietanchor54@acme.dev,2025-11-12 05:40:39
231,dawnquartz79,dawnquartz79@opswise.net,2024-05-22 04:12:26
232,warmkernel99,warmkernel99@acme.dev,2024-05-27 03:13:51
233,cobaltnetwork47,cobaltnetwork47@example.com,2025-05-04 02:02:13
234,urbanmeadow42,urbanmeadow42@example.com,2025-07-28 04:17:07
235,cleardelta06,cleardelta06@example.com,2024-08-23 06:58:56
236,youngisland53,youngisland53@seeded.app,2024-09-16 08:03:07
237,rapidisland43,rapidisland43@acme.dev,2025-07-20 18:20:32
238,younglagoon26,younglagoon26@relay.cloud,2025-04-18 15:38:20
239,navyorbit73,navyorbit73@opswise.net,2025-01-12 07:16:41
240,youngvalley49,youngvalley49@example.com,2025-01-26 16:12:10
241,briskfield04,briskfield04@relay.cloud,2025-02-16 10:13:24
242,vividriver28,vividriver28@relay.cloud,2025-08-26 00:24:03
243,harborgarden11,harborgarden11@acme.dev,2025-12-27 12:50:47
244,keencanyon77,keencanyon77@hackstack.io,2024-03-01 08:03:39
245,briskvalley84,briskvalley84@example.com,2024-12-18 04:33:55
246,emberzenith34,emberzenith34@hackstack.io,2025-01-21 16:43:02
247,emberuplink60,emberuplink60@acme.dev,2024-12-09 09:13:52
248,quietengine18,quietengine18@seeded.app,2024-11-01 08:41:45
249,tidyyard62,tidyyard62@hackstack.io,2025-04-08 02:54:33
250,keenengine95,keenengine95@acme.dev,2025-04-02 20:14:44
251,harborsignal25,harborsignal25@hackstack.io,2025-05-10 08:16:10
252,dawnquartz16,dawnquartz16@seeded.app,2025-09-20 14:28:00
253,clearpioneer52,clearpioneer52@relay.cloud,2025-08-21 05:01:43
254,mellowsignal77,mellowsignal77@seeded.app,2025-01-15 14:47:13
255,amberriver62,amberriver62@hackstack.io,2024-04-07 08:19:00
256,opalsignal79,opalsignal79@example.com,2024-06-08 21:38:52
257,rapidnetwork61,rapidnetwork61@acme.dev,2025-06-22 17:59:54
258,harborbeacon48,harborbeacon48@example.com,2024-05-17 14:54:22
259,urbantrail11,urbantrail11@seeded.app,2024-08-16 03:31:22
260,quietmeadow78,quietmeadow78@seeded.app,2024-08-19 03:29:01
261,keenkernel31,keenkernel31@hackstack.io,2024-09-19 10:32:29
262,forestjourney25,forestjourney25@seeded.app,2025-03-20 09:28:27
263,cobaltyard20,cobaltyard20@opswise.net,2024-04-26 07:01:26
264,quietjourney07,quietjourney07@seeded.app,2025-10-03 23:39:04
265,mellowdelta65,mellowdelta65@seeded.app,2024-12-06 23:30:41
266,rapidcanyon66,rapidcanyon66@seeded.app,2025-01-03 13:33:56
267,livelyyard90,livelyyard90@opswise.net,2025-12-20 15:26:23
268,calmriver27,calmriver27@acme.dev,2025-11-19 00:32:51
269,briskanchor97,briskanchor97@example.com,2024-11-27 01:42:08
270,harborpioneer19,harborpioneer19@relay.cloud,2025-09-26 07:30:07
271,quietmeadow37,quietmeadow37@example.com,2024-11-17 22:47:38
272,briskwindow00,briskwindow00@example.com,2025-10-07 22:06:35
273,emberfield23,emberfield23@acme.dev,2025-01-12 19:18:17
274,jadenetwork76,jadenetwork76@relay.cloud,2025-03-20 12:23:21
275,keenjourney87,keenjourney87@example.com,2025-10-21 12:05:35
276,emberharvest97,emberharvest97@opswise.net,2025-02-11 22:52:49
277,calmharvest78,calmharvest78@opswise.net,2024-06-15 11:50:43
278,forestanchor95,forestanchor95@opswise.net,2025-01-16 05:23:01
279,warmdelta80,warmdelta80@acme.dev,2024-12-23 07:38:18
280,youngjourney32,youngjourney32@relay.cloud,2025-10-10 04:26:56
281,briskisland24,briskisland24@example.com,2024-03-24 10:22:23
282,dawnquartz85,dawnquartz85@opswise.net,2025-04-14 23:15:14
283,jadeorbit66,jadeorbit66@acme.dev,2025-09-12 08:31:52
284,silvertrail53,silvertrail53@acme.dev,2025-05-06 01:50:44
285,goldbeacon55,goldbeacon55@opswise.net,2025-05-12 02:04:48
286,clearorbit74,clearorbit74@seeded.app,2025-02-13 09:19:20
287,urbanvalley84,urbanvalley84@seeded.app,2025-08-20 05:16:05
288,briskharvest65,briskharvest65@example.com,2024-07-22 00:18:29
289,keenorbit05,keenorbit05@acme.dev,2024-05-10 23:23:04
290,livelydelta39,livelydelta39@relay.cloud,2025-06-24 06:55:16
291,silverkernel86,silverkernel86@hackstack.io,2025-07-19 03:16:47
292,clearharvest89,clearharvest89@example.com,2025-06-12 04:03:50
293,calmriver69,calmriver69@acme.dev,2024-05-07 23:45:34
294,clearkernel45,clearkernel45@seeded.app,2024-07-28 14:54:00
295,ivorytrail41,ivorytrail41@opswise.net,2025-02-17 07:52:12
296,calmorbit88,calmorbit88@example.com,2025-02-06 09:14:49
297,livelytrail51,livelytrail51@example.com,2025-04-27 21:13:25
298,briskmeadow98,briskmeadow98@hackstack.io,2025-01-16 13:48:23
299,youngdelta44,youngdelta44@relay.cloud,2025-04-14 00:07:58
300,amberfield06,amberfield06@acme.dev,2024-06-26 18:21:26
301,ivoryengine21,ivoryengine21@example.com,2024-10-01 10:35:49
302,silverkernel76,silverkernel76@seeded.app,2025-12-13 22:06:43
303,quietharvest18,quietharvest18@seeded.app,2024-09-12 03:19:43
304,urbanwindow80,urbanwindow80@seeded.app,2024-09-24 18:46:12
305,clearengine42,clearengine42@hackstack.io,2024-12-03 23:58:11
306,rapidnetwork30,rapidnetwork30@seeded.app,2024-05-13 23:55:13
307,amberdelta01,amberdelta01@hackstack.io,2024-12-31 01:41:28
308,forestbeacon55,forestbeacon55@seeded.app,2024-10-29 14:30:24
309,forestmeadow60,forestmeadow60@acme.dev,2024-09-13 11:24:52
310,forestdelta31,forestdelta31@relay.cloud,2024-07-03 04:18:55
311,goldlagoon68,goldlagoon68@seeded.app,2024-07-02 01:27:00
312,dawnzenith07,dawnzenith07@acme.dev,2024-06-12 22:07:30
313,rapidjourney00,rapidjourney00@example.com,2026-01-30 19:04:42
314,silverisland43,silverisland43@seeded.app,2024-11-03 05:13:53
315,goldlagoon10,goldlagoon10@hackstack.io,2025-06-01 20:34:48
316,forestengine27,forestengine27@acme.dev,2025-10-01 15:14:59
317,urbandelta91,urbandelta91@opswise.net,2024-02-20 01:31:55
318,navytrail83,navytrail83@relay.cloud,2024-07-29 19:05:25
319,livelywindow55,livelywindow55@seeded.app,2026-01-26 19:30:02
320,opalkernel35,opalkernel35@relay.cloud,2025-03-10 09:22:58
321,ivoryjourney26,ivoryjourney26@seeded.app,2024-07-14 04:42:43
322,golduplink70,golduplink70@acme.dev,2024-11-18 22:56:22
323,cobaltkernel92,cobaltkernel92@hackstack.io,2024-09-28 18:35:09
324,livelyuplink45,livelyuplink45@acme.dev,2024-02-07 17:28:56
325,jadeorbit12,jadeorbit12@seeded.app,2024-06-06 18:40:02
326,keenfield86,keenfield86@opswise.net,2024-01-15 00:18:57
327,cobaltpioneer78,cobaltpioneer78@example.com,2025-09-26 18:11:38
328,embersignal23,embersignal23@acme.dev,2025-08-06 22:01:33
329,mellowpioneer44,mellowpioneer44@opswise.net,2025-05-07 03:53:44
330,amberanchor67,amberanchor67@hackstack.io,2025-02-24 15:27:43
331,forestcanyon88,forestcanyon88@example.com,2024-04-05 21:54:41
332,proudisland02,proudisland02@seeded.app,2024-02-06 04:53:26
333,jadebeacon89,jadebeacon89@hackstack.io,2024-10-07 10:38:28
334,tidyanchor01,tidyanchor01@seeded.app,2025-12-22 11:22:02
335,keenlagoon74,keenlagoon74@relay.cloud,2025-07-10 02:48:35
336,urbanbeacon01,urbanbeacon01@hackstack.io,2024-05-16 08:27:35
337,dawnquartz98,dawnquartz98@acme.dev,2025-06-25 01:27:20
338,vividgarden90,vividgarden90@example.com,2024-04-11 06:12:29
339,ambernetwork40,ambernetwork40@relay.cloud,2025-11-01 07:32:44
340,keenpioneer61,keenpioneer61@example.com,2024-11-17 08:56:18
341,rapidsignal37,rapidsignal37@acme.dev,2024-12-30 16:50:59
342,tidypioneer73,tidypioneer73@hackstack.io,2024-12-22 07:50:20
343,silvergarden49,silvergarden49@example.com,2025-12-26 15:06:29
344,rapidlagoon75,rapidlagoon75@acme.dev,2024-02-28 02:04:57
345,vividnetwork06,vividnetwork06@opswise.net,2024-12-14 14:15:58
346,ivoryharvest29,ivoryharvest29@seeded.app,2024-03-16 15:29:55
347,silvertrail70,silvertrail70@hackstack.io,2024-03-21 04:36:12
348,youngwindow89,youngwindow89@example.com,2024-04-08 05:25:44
349,rapidriver48,rapidriver48@example.com,2025-11-26 08:31:54
350,ivorywindow31,ivorywindow31@acme.dev,2024-04-16 11:49:10
351,vividfield11,vividfield11@hackstack.io,2024-07-28 08:56:22
352,warmgarden10,warmgarden10@seeded.app,2025-07-14 16:10:14
353,opalwindow67,opalwindow67@hackstack.io,2025-12-19 22:36:04
354,ivorydelta67,ivorydelta67@opswise.net,2024-06-25 10:03:46
355,amberanchor54,amberanchor54@hackstack.io,2024-11-30 20:26:20
356,cobaltfield05,cobaltfield05@opswise.net,2026-01-31 05:55:54
357,silverzenith88,silverzenith88@seeded.app,2025-10-21 18:39:16
358,briskgarden72,briskgarden72@relay.cloud,2025-05-27 08:10:49
359,rapidisland07,rapidisland07@acme.dev,2024-11-15 17:21:49
360,silvertrail63,silvertrail63@relay.cloud,2025-10-21 01:21:23
361,livelyisland70,livelyisland70@acme.dev,2024-11-04 00:19:13
362,ivorysignal52,ivorysignal52@example.com,2025-10-30 00:58:59
363,harbordelta35,harbordelta35@relay.cloud,2025-09-27 09:03:02
364,silverjourney83,silverjourney83@example.com,2024-04-08 18:32:07
365,harborcanyon72,harborcanyon72@relay.cloud,2025-08-25 15:42:32
366,warmwindow16,warmwindow16@seeded.app,2024-09-24 04:44:03
367,quietbeacon06,quietbeacon06@example.com,2025-02-06 15:47:38
368,tidyfield62,tidyfield62@relay.cloud,2025-02-16 20:41:07
369,ambertrail26,ambertrail26@hackstack.io,2024-03-23 18:09:00
370,clearorbit48,clearorbit48@hackstack.io,2025-02-11 11:06:39
371,ivoryquartz42,ivoryquartz42@opswise.net,2025-01-04 15:55:03
372,embersignal43,embersignal43@example.com,2025-05-22 09:03:25
373,youngkernel44,youngkernel44@hackstack.io,2025-03-25 00:11:11
374,livelyisland22,livelyisland22@seeded.app,2024-04-24 06:29:14
375,urbankernel14,urbankernel14@opswise.net,2025-12-09 03:16:21
376,dawnwindow45,dawnwindow45@example.com,2025-12-18 23:40:50
377,cobaltsignal28,cobaltsignal28@acme.dev,2025-10-09 04:36:31
378,silverfield31,silverfield31@acme.dev,2025-12-04 13:40:39
379,cobaltorbit15,cobaltorbit15@opswise.net,2025-12-14 22:09:20
380,livelynetwork95,livelynetwork95@acme.dev,2026-01-02 11:47:34
381,tidysignal86,tidysignal86@hackstack.io,2025-11-28 21:07:16
382,mellowcanyon06,mellowcanyon06@hackstack.io,2025-02-21 06:26:32
383,silveruplink53,silveruplink53@example.com,2025-10-04 17:31:39
384,harborfield58,harborfield58@seeded.app,2024-06-06 20:55:35
385,quietengine05,quietengine05@example.com,2025-08-22 20:13:12
386,forestmeadow40,forestmeadow40@seeded.app,2024-12-05 04:37:02
387,livelyharvest22,livelyharvest22@example.com,2024-03-25 08:29:09
388,forestriver33,forestriver33@hackstack.io,2025-12-08 01:26:03
389,opalsignal03,opalsignal03@seeded.app,2024-08-22 04:54:05
390,silverisland01,silverisland01@hackstack.io,2025-07-28 09:45:37
391,keennetwork78,keennetwork78@seeded.app,2024-02-10 05:46:41
392,harbordelta42,harbordelta42@acme.dev,2025-06-22 10:13:21
393,vividmeadow91,vividmeadow91@acme.dev,2025-08-12 20:20:29
394,vividgarden78,vividgarden78@relay.cloud,2024-10-24 08:22:58
395,emberorbit59,emberorbit59@acme.dev,2024-10-03 08:44:32
396,calmkernel23,calmkernel23@acme.dev,2026-01-22 12:55:05
397,warmharvest54,warmharvest54@opswise.net,2025-09-20 17:10:09
398,emberuplink20,emberuplink20@example.com,2024-01-14 01:12:56
399,dawnbeacon35,dawnbeacon35@seeded.app,2024-09-10 12:21:25
400,warmfield30,warmfield30@seeded.app,2024-08-14 06:32:52
